repo,forks
SHADOWDANCH/BukkitAugust1StVirusRemover,[]
bingshi0112/DDOSSimulator,[]
ChrisCardus/VirusSimulation,[]
clone1018/Shocky,"['usermonk/Shocky', 'Cazzar/Shocky', 'Bunsan/Shocky', 'craig0r/Shocky', 'fkaa/Shocky', 'Matts/Shocky', 'Vexatos/Shocky', 'Bugboy1028/Shocky', 'shadoworld56/Shocky', 'Forkk/Shocky', 'ShaRose/Shocky', 'Aerith-Ninetails/Shocky', 'xSmallDeadGuyx/Shocky', 'miketamis/Shocky', 'riking/Shocky']"
rahim-figs/ddos-research,[]
systems-multimedia/Bleichenbacher-Attack,[]
WSAyan/ysp,"['sycomix/ysp', 'chaojianhu/ysp', 'KbaHaxor/ysp']"
sentientWilder/zbotL,[]
ArvinH/Research_MalwareDiscover,['FrankYang0529/Research_MalwareDiscover']
NotoriousRebel/Hall-of-Ransom,[]
HLessJon/Purple-Worm,[]
rakinhaider/SpyWare,"['steven1290/SpyWare', 'mohamed4hazem4eprahim/SpyWare', 'Nikiboy/SpyWare']"
RubenVanLooy/ProjectOGP,[]
sporst/NHF,[]
jctigerfly/tigerfly.apk,['mexyz123/tigerfly.apk']
qnguyen3010/Distributed-Denial-of-Service-Attack,[]
meleknurten/Malware-Crawler,[]
killbugs/botnet-server-and-victim,"['Titanhackers/botnet-server-and-victim', 'KevinSantos/Z0lvers-botnet', 'TrolCreeperYT/Z0lvers-botnet', 'crackedKitten/botnet-server-and-victim']"
zachstecher/MSCS630,[]
powerpoint45/Windows-9-Spoof,['vaginessa/Windows-9-Spoof']
androidtrojan1/android-trojan-service-,"['net-zero-day/android-trojan-service-', 'hamuj/android-trojan-service-', 'habibzadeh/android-trojan-service-', 'Wernersbach/android-trojan-service-', 'Agent00049/android-trojan-service-', 'gmhacx/android-trojan-service-', 'SAMSUNG-Mobile-App-Resources/android-trojan-service-', '5l1v3r1/android-trojan-service-', 'didididid/android-trojan-service-', 'animeshn99/android-trojan-service-', 'kevindurant7/android-trojan-service-', 'vahid8028/android-trojan-service-', 'alfarisyyy/android-trojan-service-', 'VineshChauhan24/android-trojan-service-', 'Primekun/android-trojan-service-', 'EricKengObscure/android-trojan-service-', 'Ro9ueAdmin/android-trojan-service-', 'correiaa/android-trojan-service-', 'vaginessa/android-trojan-service-', 'anekrasov/android-trojan-service-', 'haishand/android-trojan-service-', 'jekyang/android-trojan-service-', 'luna2017/android-trojan-service-', 'tlsgood/android-trojan-service-', 'Kopites/android-trojan-service-', 'scrack/android-trojan-service-']"
jonasjaguar/simple-backdoor,[]
thomasvolk/worm,[]
CorruptedArk/MTR-Java-2018,[]
beNitinhere/Ubuntu-Antivirus,[]
stranck/WeAreNumberOneButItIsAComputerVirus,[]
travis-wentz/wormSim,[]
sgeektn/BtcStealer,"['leekayange/BtcStealer', 'Owy-dope/BtcStealer', '5l1v3r1/BtcStealer', 'swagkarna/BtcStealer', 'schlampentod/BtcStealer']"
discord-apps/discord-spam-bot,"['TeneKolibris/discord-spam-bot', 'Fl1pp3rs/discord-spam-bot', 'resturu/discord-spam-bot', 'Sehctib/discord-spam-bot']"
mayurkadampro/Popup-Virus,[]
pankajguleria/DroidMalwareApp,[]
deltatoken/Android-Ransomware-app,[]
vishaljnv/DDOS,[]
Strangerxxx/banper,[]
darrylburke/AndroidMalwareExample,"['00aj99/AndroidMalwareExample', 'gmhacx/AndroidMalwareExample', 'qq431169079/AndroidMalwareExample', '4N74N4/AndroidMalwareExample', 'janchuk/AndroidMalwareExample', 'chaojianhu/AndroidMalwareExample', 'redskillz/AndroidMalwareExample', 'vaginessa/AndroidMalwareExample', 'jeperez/AndroidMalwareExample', 'd3ra1l/AndroidMalwareExample', 'zakybstrd21215/AndroidMalwareExample', 'themenucha/AndroidMalwareExample', 'JackBro/AndroidMalwareExample', 'idkwim/AndroidMalwareExample', 'Trietptm-on-Security/AndroidMalwareExample', 'thr33go/AndroidMalwareExample']"
ProjetAntivirus/Virus,[]
Tishonsg/Network-Protocols-,[]
dangtien2205/appspyware,[]
h3xb0y/FlowKit,['chaojianhu/FlowKit']
lfernandez93/SEAntiMalwareMaven,[]
Khachatur01/X-DDoS,"['EliasNetSeek/X-DDoS', 'webr00t/X-DDoS']"
chrisbaglieri/gradschool-bioinformatics,"['tectronics/gradschool-bioinformatics', 'readbio/gradschool-bioinformatics', 'shalintripathi/gradschool-bioinformatics']"
1captainnemo1/connectback,"['5l1v3r1/connectback', 'pentestbr/connectback', 'NTgitdude23/connectback', 'cyberhunter00/connectback']"
samir-joglekar/keylogger-java,"['pip9/keylogger-java', 'chosam2/keylogger-java', 'jeffbuot/keylogger-java', 'andres2288/keylogger-java', 'saeed-najeeb/keylogger-java', 'aishwarya-sankhla/keylogger-java', 'kaib/keylogger-java']"
KhitMinnyo/JavaApplet,['NTgitdude23/JavaApplet']
Maxi1357/FakeVirus,[]
abcdef65g/pendrive-saver,[]
zxkazukixz/thewormmaptracking,[]
LeStarch/auto-click,[]
redteamcaliber/MalwareLab,[]
BotanKurd/RAT,[]
netcell-archive/ECC-RSA-Backdoor,[]
iwasaki-kenta/irc-botnet,"['YORU-NEKO/irc-botnet', 'sysy88/irc-botnet', 'm4ta1l/irc-botnet', 'NowDev/irc-botnet', 'jtatman/irc-botnet', 'u53r55/irc-botnet', 'kyapp69/irc-botnet', 'BeyondCy/irc-botnet', 'exploit-inters/irc-botnet', 'Ro9ueAdmin/irc-botnet', 'itsrainingmani/irc-botnet', 'michelegiuliani/irc-botnet', 'freddyiniguez/IRC-Botnet-PoC', 'pabkub/IRC-Botnet-PoC', 'la5la/IRC-Botnet-PoC', 'zyxtarmo/IRC-Botnet-PoC']"
YassineFadhlaoui/ARP-Spoofing,"['darkstation/ARP-Spoofing', 'CptPackage/ARP-Spoofing']"
A7F/Albanian-Virus,['GalaxyTheoryz/Albanian-Virus']
teddywest32/keylogger,[]
suhasgr/Microsoft-Malware-Challenge,[]
santiko/AndroidOverlayMalwareExample,"['janchuk/AndroidOverlayMalwareExample', 'chaojianhu/AndroidOverlayMalwareExample']"
derianto/Virtual-Piano,"['phungvankhanh/Virtual-Piano', 'D420D4/Virtual-Piano', 'HAZELHYEJIKIM/Virtual-Piano', 'lightblueseas/Virtual-Piano', 'i-am-sambit/Virtual-Piano', 'hzzbin/Virtual-Piano', 'pedrofurla/Virtual-Piano', 'mieslep/Virtual-Piano', 'anggakesuma/Virtual-Piano', 'kandy2bp/Virtual-Piano', 'chegge77/Virtual-Piano']"
venserwub/key-cracking-scripts,[]
newskyinc/MalwareApkDownload,[]
sammyholt/ECE4310Antivirus,[]
alde/bottery,[]
willbe058/Malware-of-Android,['chaojianhu/Malware-of-Android']
irish3725/DiskEater,['Ro9ueAdmin/DiskEater']
CheesyBurrito/Tank-Game,[]
JosiasSena/Viruses,"['sivazozo/Viruses', 'avipars/Viruses']"
raghavanandan/DDoS-attack-using-Botnets,['perryjamesnew/DDoS-attack-using-Botnets']
HoldYourWaffle/KeyLogger,['crossonrose-at-yahoo-dot-com/KeyLogger']
dorukguner/Ciphers,[]
chaitanya1999/cvskeylogger,[]
shuklaaradhana/SecureCircle,[]
ysmiles/javaMasterSlave,[]
thanosba/Botnet---SynFlood-Attack,['lishengyuan/Botnet---SynFlood-Attack']
mananmangal/keylogger-android,['NordCipher/keylogger-android']
vinitbhamare/IRIS,[]
pelayolluna/DDoS-network-testing-tool,['gsdu8g9/DDoS-network-testing-tool']
orbenet/SimpleJAVARat-Listener-PayLoad,[]
VivekMaran27/ddos_server_client,[]
1captainnemo1/roombug,"['5l1v3r1/roombug', 'NTgitdude23/roombug']"
greenarmor/Net-Spoofing-tool,['galagie/Net-Spoofing-tool']
ffedericode/BiTViR,[]
Expyron/Liwo,[]
harshalbenake/Android-Elite-Virus,"['Atrocious-jpg/Android-Elite-Virus', 'mutabix/Android-Elite-Virus', 'Chirag388/Android-Elite-Virus', 'sycomix/Android-Elite-Virus', 'KARTIK-PANDEY-KP/Android-Elite-Virus', 'joinda/Android-Elite-Virus', 'Aryan81/Android-Elite-Virus', 'test-acc-vaccym/Android-Elite-Virus', 'fettionfetti/Android-Elite-Virus', 'nlbush1/Android-Elite-Virus', 'SoulSploit/Android-Elite-Virus', 'nigacat423/Android-Elite-Virus', 'ngrokrok/Android-Elite-Virus', 'A-new/Android-Elite-Virus', 'Alirezaaraby/Android-Elite-Virus', 'secrethack/Android-Elite-Virus', 'acastillorobles77/Android-Elite-Virus', '174high/Android-Elite-Virus', 'arianatri/Android-Elite-Virus', 'alitamoor65/Android-Elite-Virus', 'okatomyhanjaya/Android-Elite-Virus', 'johnmelodyme/Android-Elite-Virus', 'mushfiqur47/Android-Elite-Virus', 'hafitzrizki/Android-Elite-Virus', 'hariharan-rhce/Android-Elite-Virus', 'captainhowdy1/Android-Elite-Virus', 'Ro9ueAdmin/Android-Elite-Virus', 'dotwould/Android-Elite-Virus', 'amitdumka/Android-Elite-Virus', 'redskillz/Android-Elite-Virus', 'patelmanthan777/Android-Elite-Virus', 'awesome-pentest-gadgets/Android-Elite-Virus', 'vaginessa/Android-Elite-Virus', 'Jasperific/Android-Elite-Virus', 'scrack/Android-Elite-Virus', 'mkbiltek/Android-Elite-Virus', 'AndroidKillerMalware/Android-Elite-Virus', 'admincheats/Android-Elite-Virus', 'themenucha/Android-Elite-Virus', 'jappyfoster/Android-Elite-Virus', 'liuspencersjtu/Android-Elite-Virus', 'csuliangbo/Android-Elite-Virus', 'supercoeus/Android-Elite-Virus', 'shubhdhingra/Android-Elite-Virus', 'techtronics/Android-Elite-Virus', 'jeffersonDias/Android-Elite-Virus', 'shahrezjan/Android-Elite-Virus', 'msOlivers/Android-Elite-Virus', 'InsightGit/Android-Elite-Virus', 'PascalSI/Android-Elite-Virus', 'tanharoh/Android-Elite-Virus', 'kknet/Android-Elite-Virus']"
RSickenberg/Emoji-spammer,[]
nphelpsiv/MalwareProxyServer,[]
jbacon/Android-Service-Example,"['dancerlee/Android-Service-Example', 'jonasjonhy/Android-Service-Example', 'diegotdiaz/Android-Service-Example']"
happyeves/attackpreso,[]
d3xt3-bitstechlab/android-anti-malware,[]
tusharpawar1/simpleScreenShotTaker,[]
androidtrojan1/android_trojan,"['jiutiaoming/android_trojan', 'gmhacx/android_trojan', 'SAMSUNG-Mobile-App-Resources/android_trojan', 'kamaal44/android_trojan', 'MasterScott/android_trojan', 'Phomu/android_trojan', 'ramakrishnachillara/android_trojan', '5l1v3r1/android_trojan', 'iandoankk/android_trojan', 'dafy1978/android_trojan', 'ikv163/android_trojan', 'jademanworld/android_trojan', 'unknowphoton/android_trojan', 'sky492/android_trojan', 'razorboygrim/android_trojan', 'abraoximenes/android_trojan', 'xu33liang33/android_trojan', 'jautorun/android_trojan', 'justice513/android_trojan', 'cen123456/android_trojan', 'KajoVanBuyten/android_trojan', 'hasantemel/android_trojan', 'Primekun/android_trojan', 'ohari5336/android_trojan', 'u53r55/android_trojan', 'b3rn13/android_trojan', 'NoviceM/android_trojan', 'Android-Project-Group/android_trojan', 'H3llozy/android_trojan', 'a1kaid/android_trojan', 't0rchwo0d/android_trojan', 'jabsa/android_trojan', 'Ro9ueAdmin/android_trojan', 'snyiu100/android_trojan', 'firecatzkj/android_trojan', 'vaginessa/android_trojan', 'jekyang/android_trojan', 'D1G1TALTR00P3R/android_trojan', 'luna2017/android_trojan', 'kdzm/android_trojan', 'CCrashBandicot/android_trojan', 'olivierh59500/android_trojan', 'cinno/android_trojan', 'Henaputi/android_trojan', 'HGldJ1966/android_trojan', 'BareMetalSecurity/android_trojan', 'scrack/android_trojan', 'gh0std4ncer/android_trojan', 'tdr130/android_trojan', 'KbaHaxor/android_trojan', 'lakshmidm/android_trojan']"
mikkeliamk/microservice-viruscheck,[]
tiphedor/SMS-Spammer-Android,"['VallalDass/SMS-Spammer-Android', 'Lorensial/SMS-Spammer-Android', 'ptkumar8/SMS-Spammer-Android', 'marmat8951/SMS-Spammer-Android', 'depetrisemilio/SMS-Spammer-Android', 'armoun/SMS-Spammer-Android', 'benpope82/SMS-Spammer-Android', 'skinzor/SMS-Spammer-Android', 'hscale/SMS-Spammer-Android', 'OpenSourceIsCool/SMS-Spammer-Android']"
SunJangYo12/android-bacdoor,[]
Anriod/Keylogger,[]
dobrecosmin2006/SEProject,['cezarik8/SEProject']
Elec0/SimplyPowers,[]
hoangsetup/SpywareClient,"['dickhed/SpywareClient', 'uclides/SpywareClient']"
dysequilibrium/Accentus,[]
paulpierre/provide_jar-android-malware-payload-06132018,['root-cyber-zero/provide_jar-android-malware-payload-06132018']
krisfromhbk/java-key-logger,[]
fdenzer/eduboard,[]
Unishshah/Keylogger,[]
EvanJoshua/AndroidMalwareNetworkTraffic,['yyg192/AndroidMalwareNetworkTraffic']
SupermanAdam007/NjsCopy,[]
adamwallred/nvmtrace,"['jmckinlay/nvmtrace', 'evandowning/nvmtrace', 'khozaei/nvmtrace']"
00aj99/NocturneSpy-Client,"['AngelsDemon/NocturneSpy-Client', 'AndOr0812/NocturneSpy-Client', 'atiartalukdar/NocturneSpy-Client', 'barbear/NocturneSpy-Client', 'RanaUmer1/NocturneSpy-Client', 'gmhacx/NocturneSpy-Client', 'hummans/NocturneSpy-Client', 'mohamedsamir11006/NocturneSpy-Client', 'gokulrajkc/NocturneSpy-Client', 'CreativeMayhem/NocturneSpy-Client', 'bpierce3000/NocturneSpy-Client', 'helloexp/NocturneSpy-Client', 'zia-limemedia/NocturneSpy-Client', 'janchuk/NocturneSpy-Client', 'sivazozo/NocturneSpy-Client']"
wzhangNJ/zeus,[]
Kopites/Snakeware,[]
gustavo84/keylogger,[]
icecreamhead/Spoof,[]
kaisubr/monitor_android_studio,"['tectronics/monitor_android_studio', 'pentestbr/monitor_android_studio']"
truerandom/botnet,[]
swaroopkml96/SMach-nand2tetris,[]
quake0day/Eevee,['gavinyeah/Eevee']
DanZanfirescu/execises,[]
MichaelAAU/ScamMeNot,[]
olliezhu/buttnet,[]
Jire/jNet,['GothWolf/jNet']
remoteEnterprise/Keylogger,[]
asvinp/DDoS,[]
jeevanvenkataramana/Distributed-Denial-of-Service,[]
afjoseph/VikingHorde_Analysis,[]
am6539/backdoor-apk-master,"['ghost32521/backdoor-apk-master', 'rhezagatul/backdoor-apk-master', 'photohamid/backdoor-apk-master', 'oneplus-x/backdoor-apk-master', 'Sumantsh99/backdoor-apk-master', 'cuntbitch/backdoor-apk-master', 'modularnet/backdoor-apk-master', 'stupid333/backdoor-apk-master']"
mgigor/JavaKeyLogger,[]
LyashenkoGS/DDOS-botnet,[]
gitHAMP/DDoS,[]
ThisIsLibra/Capricorn,"['RakhithJK/Capricorn', 'morristech/Capricorn']"
Threemages/Botnet,[]
ARXShady/Shady-Client,"['xkolyaskin/Shady-Client', 'GreatZardasht/Shady-Client', 'XxRosiexX/Shady-Client', 'Villeck/Shady-Client', 'reinuuq2115/Shady-Client', 'pdanielson23/Shady-Client', 'jkalter11/Shady-Client', 'Armin212121212/Shady-Client', 'MooMooShark/Shady-Client', 'linuxcodefire/Shady-Client', 'Code4L/Shady-Client', 'Roofer-/Shady-Client', 'iEmNutEyWetod/Shady-Client']"
wubin28/one-hundred-doors-kata,[]
arjun-dhuliya/ARP-Spoofing,[]
Efpophis/PasswordGenerator,[]
SGProgramming/PROJECT-Eve,[]
listentowindy/andybrier-worm,[]
Lounah/InstaLeaks,[]
Jef47/Worms_part3,[]
CrabeMan/Android-RansomWare,"['5l1v3r1/Android-RansomWare', 'gmhacx/Android-RansomWare', 'x770/Android-RansomWare', 'Mohit0/Android-RansomWare', 'KanakSasak/Android-RansomWare', 'bitPanG98/Android-RansomWare', 'waddahbakil/Android-RansomWare', 'DoughBoiKush/Android-RansomWare', 'vnc0d9r/Android-RansomWare', 'Weeshlow/Android-RansomWare', 'sivazozo/Android-RansomWare']"
apeing/pchong,[]
Mohit99/Composite-Malware-master,['AndroidTamer/Composite-Malware-master']
pchopinet/SABINE,[]
salah3x/backdoor,['masonrapa/backdoor']
sahilshekhawat/Pocket-Hacker-News,[]
redteamcaliber/malware-36,[]
pot8os/Heartbleed_java,['ppmmaiwo/Heartbleed_java']
Prashant5538/splunkDDos,[]
FlorinMarinRO/Shamman,[]
tried42long/Laocoon_android_trojan_detector_demo,['AshishPulikkal95/Laocoon_android_trojan_detector_demo']
gpawel/qamation-tests,[]
zydeico/AndroidRansomware,[]
Shiro-Nakamura/Kraken,['larrycameron80/Kraken']
bincker/AndroidCustomPermissions,"['suclike/AndroidCustomPermissions', 'sundarsan/AndroidCustomPermissions']"
GazLloyd/RaffleGrabber,['Tyilo/RaffleGrabber']
ljubodrag91/KeyLogger,[]
johnkoehn/Typo,[]
abinash124/ClientRequestHandler,[]
dotzip/AndroidMalwareServer,[]
bigo-coding/BigOBlue,[]
artem69th/VirusSpy,[]
keewenaw/android-botnet,"['princemuhdk/android-botnet', 'thientu/android-botnet']"
SheldonHH/ransomware_simulation,"['minkione/ransomware_simulation', 'Wasforyou/ransomware_simulation', 'exploitcollection/ransomware_simulation']"
anliksim/zhaw-is-lab1,[]
Jef47/Ogp_project,[]
jrrdev/cve-2014-0050,[]
m-luck/advanced_mining_strategies,[]
MinecraftModdedClients/Resilience-Client-Source,"['muke64/Resilience-Client-Source', 'GreatZardasht/Resilience-Client-Source', 'Atlas7005/Resilience-Client-Source', 'OkPeach/Resilience-Client-Source', 'F-Wer/Resilience-Client-Source', 'JoakimYsland/Resilience-Client-Source', 'TREnes/Resilience-Client-Source', 'Z3R0-cmd/Resilience-Client-Source', 'winxpqq955/Resilience-Client-Source', 'ItsYoungDaddy/Resilience-Client-Source', 'duranguenze/Resilience-Client-Source', 'mobyboyy/Resilience-Client-Source', 'YourGoodAmigo/Resilience-Client-Source', 'anamkung/Resilience-Client-Source', 'DaqingFeng/Resilience-Client-Source', 'Tominous/Resilience-Client-Source', 'Photon-GitHub/Resilience-Client-Source', 'Saaltofreak/Resilience-Client-Source', 'leeeddin/Resilience-Client-Source', 'xPlayWare/Resilience-Client-Source', 'NeonnBukkit/Resilience-Client-Source', 'RealStensen/Resilience-Client-Source', 'Minouto/Resilience-Client-Source', 'theo33410/Resilience-Client-Source', 'PheoZen/Resilience-Client-Source', 'ABooDY88HD/Resilience-Client-Source', 'adamjdev/Resilience-Client-Source', 'gitter-badger/Resilience-Client-Source']"
harisurya/rt-hrm,[]
geeksonsecurity/android-overlay-malware-example,"['gmhacx/android-overlay-malware-example', 'Xelentra1/android-overlay-malware-example', 'denisoancea/android-overlay-malware-example', 'hackkTank/android-overlay-malware-example', 'zaiderx/android-overlay-malware-example', 'VineshChauhan24/android-overlay-malware-example', 'Sts0mrg0/android-overlay-malware-example', 'razaina/android-overlay-malware-example', 'Android-Project-Group/android-overlay-malware-example', 'amitkpandey/android-overlay-malware-example', 'Abraham313/android-overlay-malware-example', 'chaojianhu/android-overlay-malware-example', 'Disane/android-overlay-malware-example', 'redskillz/android-overlay-malware-example', 'Omar1123/android-overlay-malware-example', 'AppAnalysis-BGSU/android-overlay-malware-example', 'sjkimberley/android-overlay-malware-example', 'cstapler/android-overlay-malware-example', 'chouaibhm/android-overlay-malware-example', 'echorebel/android-overlay-malware-example', 'fleischkatapult/android-overlay-malware-example', 'jeperez/android-overlay-malware-example', 'rukmaldias/android-overlay-malware-example', 'Primekun/android-overlay-malware-example', 'deje212/android-overlay-malware-example', 'basirsharif/android-overlay-malware-example', 'mr-gosh/android-overlay-malware-example', 'mrezqi/android-overlay-malware-example', 'redteamcaliber/android-overlay-malware-example', 'techgaun/android-overlay-malware-example', 'gaurav9991/android-overlay-malware-example', '2flying2/android-overlay-malware-example', 'vaginessa/android-overlay-malware-example']"
devmhd/thesis-report-malware-detection-android,[]
exhu/bdoor,[]
retsu8/wormtracker,[]
praut12/Trojan-Test,[]
IsmailMarmoush/java-shortcutvirusfix,[]
cbrnrd/SORA,[]
mlhaigh/ngrams,[]
mhelwig/adwind-decryptor,"['5l1v3r1/adwind-decryptor', 'walexzzy/adwind-decryptor', 'noodlemctwoodle/adwind-decryptor', 'rucko24/adwind-decryptor', 'CyberWarefare/adwind-decryptor', 'GHhackTools/adwind-decryptor', 'R3MRUM/adwind-decryptor', 'Voraka/adwind-decryptor', 'PeterG75/adwind-decryptor', 'Trietptm-on-Security/adwind-decryptor']"
DMoneigh/JWorm,[]
M1Dr05/IsTheApp,"['ronakpatan007/IsTheApp', 'AngelsDemon/IsTheApp', 'nonolerobotlunaire/IsTheApp', 'user-setting/IsTheApp', 'josco007/IsTheApp', 'gmhacx/IsTheApp', 'Dangermouse11/IsTheApp', 'PromasterGuru/IsTheApp', 'hamuj/IsTheApp', 'justdick/IsTheApp', 'barbear/IsTheApp', 'dwaynelee2003/IsTheApp', 'srkneil/IsTheApp', 'HubDroidian/IsTheApp', 'krishna05102000/IsTheApp', 'jatinchoudhary/IsTheApp', 'freewayuk/IsTheApp', 'arasuresearch/IsTheApp', 'bharadwaj1997/IsTheApp', 'nicemak/IsTheApp', 'leekayange/IsTheApp', 'rahul985011/IsTheApp', '3jeep/IsTheApp', 'WirelessWizard/IsTheApp', 'tkzar88/IsTheApp', 'votelike/IsTheApp', 'RellikJaeger/IsTheApp', 'akmanuareraa/IsTheApp', 'Anaswae/IsTheApp', 'insane51/IsTheApp', 'ThePro1ector/IsTheApp', 'mackrov/IsTheApp', 'ArunEdathadan/IsTheApp', 'hummans/IsTheApp', 'russlank/IsTheApp', 'xarig77741/IsTheApp', 'pp2106/IsTheApp', 'umairdexty/IsTheApp', 'fernandollira/IsTheApp', 'scratchoo/IsTheApp', 'rahul-apple/IsTheApp', 'Aaronmaiden666/IsTheApp', 'phamduong/IsTheApp', 'yashraj0077/IsTheApp', 'adminheinhtetkyaw/IsTheApp', 'asankha/IsTheApp', 'droiddevps/IsTheApp', 'xmasal929/IsTheApp', 'pejonic/IsTheApp', 'zaku199312/IsTheApp', 'adamsondelacruz/IsTheApp', 'PascalProgrammingX/IsTheApp', 'thelazyone11/IsTheApp', 'GeorgeZaher/IsTheApp', 'Dias2510/IsTheApp', 'kovacstak/IsTheApp', 'Almahmudrony/IsTheApp', 'Cybrotrix/AndroidSpyware--IsTheApp', 'MorRsvps/IsTheApp', 'paras2206/IsTheApp', 'Astrosp/setting', 'rodrigo196/IsTheApp', 'tazryder/IsTheApp', 'sinass/IsTheApp', 'HexorUmar/IsTheApp', 'codedadysolutions/IsTheApp', 'TheReverend4333/IsTheApp', 'obbie13/IsTheApp', 'guruabutech/IsTheApp', 'ponsipi/IsTheApp', 'matutes/IsTheApp', 'kritikumarb/IsTheApp', 'Qenawi/IsTheApp', 'momor666/IsTheApp', 'Smokietr/IsTheApp', 'dafy1978/IsTheApp', 'ollasi/ThisIsTheApp', 'sandippshah/IsTheApp', 'baaslaawe/IsTheApp', 'mujjuuuu/IsTheApp', 'helloexp/IsTheApp', 'NTgitdude23/IsTheApp', 'Anon0ps/IsTheApp', 'dukererenst/IsTheApp', 'Ekarish/IsTheApp', 'arupsaha502/IsTheApp', 'Michyus/IsTheApp', '00aj99/IsTheApp', 'CreativeMayhem/IsTheApp', 'imfaisalpk/IsTheApp', 'sclipberto/IsTheApp', 'gibaa007/IsTheApp', 'VineshChauhan24/IsTheApp', 'oneplush/IsTheApp', 'lzfcst/IsTheApp', 'ramshresh/IsTheApp', 'nitrogue07/GoonApp', 'NaveenNguyen/IsTheApp', 'alperakaydin/IsTheApp', 'mrpc4/IsTheApp', 'loooog/IsTheApp', 'Xing1P/IsTheApp', 'ohari5336/IsTheApp', 'Emmanuel1017/IsTheApp', 'mikayildivrin/IsTheApp', 'amet123/IsTheApp', 'janchuk/IsTheApp']"
dacosta89/KeyLogger,[]
Hirohito-pg/VirusLoopInfinito,[]
codebinary/KeyloggerJava,[]
shomaru/riskvis,['xuzhikethinker/riskvis']
akhilpatlolla/Android-Malware-Simulation,[]
phnomcobra/gmailagent,[]
sourceclear/ransomware-poc,"['exploitcollection/ransomware-poc', 'Frrank1/ransomware-poc', 'suryalisticref/ransomware-poc', 'codelion/ransomware-poc']"
D4stiny/jWARE,['Trietptm-on-Security/jWARE']
BenJeau/Spyware101,"['Afili-Root/Spyware101', 'crashfiredeep/Spyware101', 'mkbiltek/Spyware101']"
mfa237/Open-source-android-spyware,"['nicemak/Open-source-android-spyware', 'leekayange/Open-source-android-spyware', 'fexzy/Open-source-android-spyware', '00aj99/Open-source-android-spyware']"
arshtepe/jenkins-serialization-vulnerability-exploit,[]
tyalimov/Simple-android-spyware,[]
Cwvc/forkbombs,[]
Yagnadat-Talakola/LogAnalyzerDDOS,[]
remoteEnterprise/KeyloggerClient-Server,[]
jimgao1/spam_bot,[]
lanegramling/Android-Encryption-File-Hijacking,['wadeinwater777/Android-Encryption-File-Hijacking']
met45/computer-security,[]
shimrithoori/Trojan-Horse-Malware,['mnmq/Trojan-Horse-Malware']
CrossLeaf/Virus,[]
ISCX/CICFlowMeter,"['kris0072/CICFlowMeter', 'dizhaung/CICFlowMeter', 'fajarryuk4/CICFlowMeter', 'cptjack00/CICFlowMeter', 'liujie40/CICFlowMeter', 'byamao1/CICFlowMeter', 'lolxig/CICFlowMeter', 'stearnsbq/CICFlowMeter', 'SyedMuhamadYasir/CICFlowMeter', 'om-secadvice/CICFlowMeter', 'Zhonglijieci/CICFlowMeter', '2020-fork/CICFlowMeter', 'killvxk/CICFlowMeter', 'hisah/CICFlowMeter', 'JapsimarSinghWahi/CICFlowMeter', 'Crown-man/CICFlowMeter', 'DennisShaw/CICFlowMeter', 'blackvvine/CICFlowMeter', 'Harivind/CICFlowMeter', 'yangxiongkun/CICFlowMeter', 'Anan7Codes/CICFlowMeter', 'JinSagi/CICFlowMeter', 'chanseng/CICFlowMeter', 'CanadianInstituteForCybersecurity/CICFlowMeter', 'matthbr/CICFlowMeter', 'Traceless2016/CICFlowMeter', 'EngrMHanif/CICFlowMeter', 'CyberBits/CICFlowMeter', 'Al-Dailami/CICFlowMeter', 'yangjun1994/CICFlowMeter', 'kensinxie/CICFlowMeter', 'haoyu-liu/CICFlowMeter', 'tiritor/CICFlowMeter', 'nick-diaz/CICFlowMeter', 'wesmartin17/CICFlowMeter', 'feihongyin/CICFlowMeter', 'cir3800/CICFlowMeter', 'jujuno1/CICFlowMeter', 'yechongyu/CICFlowMeter', 'RuHaodong/CICFlowMeter', 'yjxyy/CICFlowMeter', 'hugo-glez/CICFlowMeter', 'cihanceylanlar/CICFlowMeter', 'dobinder/CICFlowMeter', 'mohsinkhansymc/CICFlowMeter', 'pedrodamaso/CICFlowMeter', 'ferryastika/CICFlowMeter', 'pythonjwm/CICFlowMeter', 'rubiruchi/CICFlowMeter', 'massoodeh/CICFlowMeter', 'SheikhRabiul/CICFlowMeter', 'xiongnudahan/CICFlowMeter', 'toygang/CICFlowMeter', 'sahilsahu246/CICFlowMeter', 'HeGaofeng/CICFlowMeter', 'AnthonyCamper/CICFlowMeter', 'dgrgfj/CICFlowMeter', 'Applenice/CICFlowMeter', 'redBorder/CICFlowMeter', 'imayobrown/CICFlowMeter', 'rannrunn/CICFlowMeter', 'Lixudong123hahaha/CICFlowMeter', 'goseign/CICFlowMeter', 'jacobdam/CICFlowMeter', 'nguyenradek/CICFlowMeter', 'alekzandr/CICFlowMeter', 'pkka/CICFlowMeter', 'ridd13r/CICFlowMeter', 'deepakkuk/CICFlowMeter', 'AvAudioPlayer/CICFlowMeter', 'itbiboo/CICFlowMeter', 'RSRawat06/CICFlowMeter', 'sunflowcoco/CICFlowMeter', 'chenliangchen/CICFlowMeter', 'Milamber31337/CICFlowMeter', 'Dzordre/CICFlowMeter', 'ar1kumar/CICFlowMeter', 'daishu7/CICFlowMeter', 'nkaenzig/CICFlowMeter', 'iPAS/CICFlowMeter', 'Giftoplazer/CICFlowMeter', 'waterzhu/CICFlowMeter', 'saikamat/CICFlowMeter', 'cometa/CICFlowMeter', '3ximus/CICFlowMeter', 'ilfreedom/CICFlowMeter']"
shivenchawla/TicTacToe_Malware,['XorgX30/TicTacToe_Malware']
wratner/Android-Side-Channel-Malware,['chaojianhu/Android-Side-Channel-Malware']
Opportunity-Hack-2016-SJC-SVCC/TeamTrojans,[]
KbaHaxor/SocietyPoisonerTrojan,"['alwashi/SocietyPoisonerTrojan', 'kamaal44/SocietyPoisonerTrojan', '5l1v3r1/SocietyPoisonerTrojan', 'sky492/SocietyPoisonerTrojan', 'razorboygrim/SocietyPoisonerTrojan', 'sasqwatch/SocietyPoisonerTrojan', 'VineshChauhan24/SocietyPoisonerTrojan', 'getwindow/SocietyPoisonerTrojan', 'janchuk/SocietyPoisonerTrojan', 'NanoGitHub/SocietyPoisonerTrojan', 'sivazozo/SocietyPoisonerTrojan', 'f0829/SocietyPoisonerTrojan', 'FingerLeakers/SocietyPoisonerTrojan', 'Ro9ueAdmin/SocietyPoisonerTrojan', 'exploitcollection/SocietyPoisonerTrojan', 'mxamusic/SocietyPoisonerTrojan', 'mehrdad-shokri/SocietyPoisonerTrojan', 'YarlinWare/SocietyPoisonerTrojan', 'mehulsbhatt/SocietyPoisonerTrojan', 'kdzm/SocietyPoisonerTrojan', 'Kopites/SocietyPoisonerTrojan']"
aliebrahimi1781/Botnet-1,[]
TheoSeo93/ARP_Spoofing_Javafx,[]
Getriax/KeyLogger,[]
Figglewatts/DestructibleTerrain,[]
YassineFadhlaoui/keylogger,"['vaginessa/keylogger-2', 'nidhya08/keylogger']"
PanagiotisDrakatos/JavaRansomware,"['5m477/JavaRansomware', 'AnosKh/JavaRansomware', 'ohoud21/JavaRansomware', 'MasterFlomaster1/JavaRansomware', 'wefashe/JavaRansomware', 'MohamedNasif/JavaRansomware', '5l1v3r1/JavaRansomware', 'pentestbr/JavaRansomware', 'andracs/JavaRansomware', 'mich282q/JavaRansomware', 'deepwebhacker/JavaRansomware', 'Quinn-Yan/JavaRansomware', 'Ameg-yag/JavaRansomware', 'PedroCisnerosSantana/JavaRansomware', 'm4ta1l/JavaRansomware', 'ninjayoto/JavaRansomware', 'rrsc/JavaRansomware', 'johnmelodyme/JavaRansomware', 'benhe119/JavaRansomware', 'secwxx/JavaRansomware', 'Wasforyou/JavaRansomware', 'HEMAL-PATEL/JavaRansomware', 'og3niuz/JavaRansomware', 'EclipsehackerAsia/JavaRansomware', 'darksith666/JavaRansomware', 'ankithalamadrid/JavaRansomware', 'XorgX30/JavaRansomware', 'MerNat/JavaRansomware', 'khawajaetisam99/JavaRansomware', 'QinYuan97/JavaRansomware', 'charlyborwn/JavaRansomware', 'Ro9ueAdmin/JavaRansomware', 'kongdesheng/JavaRansomware', 'Sunset-Knight/JavaRansomware', 'alabazatam/JavaRansomware', 'CBM1014/JavaRansomware', 'exploitcollection/JavaRansomware', 'faizal-achmad/JavaRansomware', 'Grukz/JavaRansomware', 'l16h7n1n6s/JavaRansomware', 'hackernix/JavaRansomware', 'chensword/JavaRansomware', 'Andy0214/JavaRansomware', 'naylamp6/JavaRansomware', 'drupalio/JavaRansomware', 'AGMadera/JavaRansomware', 'jijicanyu/JavaRansomware', 'zaza6677/JavaRansomware', 'wenhulove333/JavaRansomware', 'xieqiwen1993/JavaRansomware', 'volt72/JavaRansomware', 'gmhzxy/JavaRansomware', 'teemoer/JavaRansomware', 'killvxk/JavaRansomware', 'tenwx/JavaRansomware', 'WindyLeery/JavaRansomware', 'J0bkeeper/JavaRansomware', 'NULL1nj3cTOR/JavaRansomware', 'jeperez/JavaRansomware', 'materaj/JavaRansomware', 'LucaBongiorni/JavaRansomware', 'sarkots/JavaRansomware']"
janpetryk/reddit-bot,"['JaytleBee/reddit-bot', 'MHersisia/reddit-bot', 'wubaDublin/reddit-bot', 'zhang98722/reddit-bot', 'ly774508966/reddit-bot', 'akikochuchu11/reddit-bot', 'autred/reddit-bot', 'Irishsmurf/reddit-bot', 'Mintzy/reddit-bot', 'bCom5/reddit-bot', 'Cloudxtreme/reddit-bot-1', 'specialsymbol/reddit-bot', 'SinSiXX/reddit-bot', 'dreki/reddit-bot', 'laudarch/reddit-bot', 'ctian1/reddit-bot', 'kukelekuuk/reddit-bot', 'ksmaheshkumar/reddit-bot', 'JohnHarrison90/reddit-bot']"
singhsd/KeyLogger,[]
zaventh/android-av,"['heruix/android-av', 'ajit-sharma/android-av', 'erichilarysmithsr/android-av', 'TimShaw/android-av', 'ihomeava/android-av', 'AndroidTamer/android-av', 'hungbiz9999/android-av', 'zstoyanov/android-av', 'Just-D/android-av', 'gaozhenpeng/android-av', 'yfainaer/android-av', 'anderlew/android-av', 'tushroy/android-av', 'pandazheng/android-av', 'bllie/android-av']"
ThisIsLibra/malwareDecryptionPoC-c52,"['RakhithJK/malwareDecryptionPoC-c52', 'morristech/malwareDecryptionPoC-c52', 'Techlord-RCE/malwareDecryptionPoC-c52']"
julien-medori/AndroidMalwareProjectINF358,[]
1sand0s/Exploits-and-Malware,"['1sand0s-adi/Exploits-and-Malware', 'mingyong/Exploits-and-Malware']"
UBWICOS/SkynetConfirmed,"['gmhacx/SkynetConfirmed', 'zagannath/SkynetConfirmed', 'Kopites/SkynetConfirmed']"
farvher/chinomatik,['wenikore/chinomatik']
omkartotade/Backdoor_Web_Server,[]
robertmok/Android-Malware-Simulation,[]
alexsvdk/BotNetClient,[]
redBorder/rb-pig-malware,[]
acid8x/VirusApp_070817,[]
Skotizo/VirusTotalBot,"['og3niuz/VirusTotalBot', 'Tominous/VirusTotalBot', 'Bijaye/VirusTotalBot', 'netflixandbill/VirusTotalBot']"
ToastyMod/ConduitKiller,[]
jrrdev/cve-2017-5638,"['nasifimtiazohi/cve-2017-5638', 'Iletee/cve-2017-5638', 'sjkimberley/cve-2017-5638', 'XC3pti0n/cve-2017-5638', 'computer-lab/cve-2017-5638', 'dogtownmedia/cve-2017-5638', 'bongbongco/cve-2017-5639', 'jeperez/cve-2017-5639']"
antrromet/virus,"['2sarkastik/virus', 'roberttarrance101/virus', 'SoulSploit/virus', '174high/virus', 'mushfiqur47/virus', 'sivazozo/virus', 'deltatoken/virus-1', 'pspuria81/virus-1', 'yaseralyaser123/virus', 'elliot-holley/virus', 'smellyman1/virus', 'sep886/virus', 'MichaNice/virus-1', 'salatacode/virus-1', 'techtronics/virus-1']"
kiangribi/jlogger,[]
shivivats/KeyloggerFX,[]
Alacho2/AccidentalKeylogger,[]
smanraj54/Spyware-,[]
ZhengHanHo/Android-Malware-Detection,[]
moloch--/Yoshimi-Botnet,"['hasantemel/Yoshimi-Botnet', 'dedskull/Yoshimi-Botnet', 'Smirenost/Yoshimi-Botnet', '3453-315h/Yoshimi-Botnet', 'DuiWeL-CpT/Yoshimi-Botnet', 'kamaal44/Yoshimi-Botnet', 'princemuhdk/Yoshimi-Botnet', '5l1v3r1/Yoshimi-Botnet', 'm4ta1l/Yoshimi-Botnet', 'deadcyph3r/Yoshimi-Botnet', 'spectre-security/Yoshimi-Botnet', 'EmadSoMad/Yoshimi-Botnet', 'jayyogesh/Yoshimi-Botnet', 'FingerLeakers/Yoshimi-Botnet', 'Ro9ueAdmin/Yoshimi-Botnet', 'jingqiangliu/Yoshimi-Botnet', 'Digits88/Yoshimi-Botnet', 'thenukebr/Yoshimi-Botnet', 'KNIGHTTH0R/Yoshimi-Botnet', 'Solertis/Yoshimi-Botnet', 'Sts0mrg0/Yoshimi-Botnet', 'n4yk/Yoshimi-Botnet', 'ellipsys/Yoshimi-Botnet', 'echodaemon/Yoshimi-Botnet', 'ycaihua/Yoshimi-Botnet', 'pabkub/Yoshimi-Botnet', '0xDezzy/Yoshimi-Botnet', 'thientu/Yoshimi-Botnet', 'nverheijen/Yoshimi-Botnet', 'Trietptm-on-Security/Yoshimi-Botnet', 'bluepine/Yoshimi-Botnet', 'voroojax/Yoshimi-Botnet', 'sasukeuni/Yoshimi-Botnet', 'gamehacker/Yoshimi-Botnet', 'sh1nu11bi/Yoshimi-Botnet', 'int-elligence/Yoshimi-Botnet', 'infodox/Yoshimi-Botnet', 'f47h3r/Yoshimi-Botnet']"
VictorSuciu/Malware,[]
corneliudascalu/intellij-decrypt,"['mike-adamenko/intellij-decrypt', 'JoshiCodes/intellij-decrypt', 'ZanLi7/intellij-decrypt', 'Gorbush/intellij-decrypt', 'limkokhole/intellij-decrypt', 'semiterrestrial/intellij-decrypt', 'reduardo7/intellij-decrypt', 'yuanbo1026/intellij-decrypt', 'tijkijiki/intellij-decrypt', 'beyondbycyx/intellij-decrypt', 'skhurram/intellij-decrypt', 'sebasbad/intellij-decrypt', 'choobablue/intellij-decrypt', 'geengome/intellij-decrypt', 'vijayrawatsan/intellij-decrypt']"
BBK-PiJ-2012-00/Bot,['BBK-PiJ-2012-42/Bot']
manuelantony/Minor-Project-Demonstartion,[]
Mandyonze/DroidSentinel,['vaginessa/DroidSentinel']
jonfriesen/EmailSpoofer,[]
lsaruwat/battery_spoofer,['vaginessa/battery_spoofer']
mickebackman/worms,[]
guilhermefarias/MyLocalPass,[]
ramizdemiurge/leviathan-bd,[]
nickpoorman/Java-Port-Knocking-Backdoor,['FihlaTV/Java-Port-Knocking-Backdoor']
MerNat/DRBot-Adv-Enc,"['460486056/DRBot-Adv-Enc', 'therealelyayo/DRBot-Adv-Enc', 'PedroCisnerosSantana/DRBot-Adv-Enc', 'og3niuz/DRBot-Adv-Enc']"
picressant/RevolutionnaryBot,[]
Jop09/OOPSkynet,[]
Lz1y/Atlassian-Confluence-Trojan,[]
sean-broomfield/TranscribeIt-,[]
Afterglow375/CryptoChat,"['testerslol123/CryptoChat-1', 'jklamar75/CryptoChat']"
alejandroppir/Botnet,[]
olubunmialegbeleye/Keyllogs,[]
bear6709/HPDS-Code,[]
ClovisIRex/AndroidRAT,['chaojianhu/AndroidRAT']
saresend/Rate-your-ride,[]
wangtianqi1993/AndroidMalwareDetectorUsingDL,[]
tiagorlampert/sAINT,"['pankajpj/sAINT', 'gmhacx/sAINT', 'Andrusha29/sAINT', 'TommyMandex/sAINT', 'Xelentra1/sAINT', 'tungduong97/sAINT', 'Smirenost/sAINT', 'DmitriyKutvitskii/sAINT', 'Weefix0x44/sAINT', 'krishpranav/sAINT', 'not-duckie/sAINT', 'EgorSkurihin/sAINT', 'Child3000/sAINT', 'illum1natti/sAINT', 'ktan-ccsf/sAINT', 'krishna-cyber/sAINT', 'zombie1208/sAINT', 'si452772/sAINT', 'Kshitish555/sAINT', 'artrus09/sAINT', 'rutronix/sAINT', 'j2vdeveloper/sAINT', '3dmax2/sAINT', 'guillo93/sAINT', 'YUbuntu0109/sAINT', 'F1garr0/sAINT', 'olegkyka/sAINT', 'bahajan95/sAINT', 'UnderRussian/sAINT', 'samandarjon/sAINT', 'mishabzzz/sAINT', 'ms3c/sAINT', 'efren511/sAINT', 'Sidelkon/sAINT', 'blyadtoivo/sAINT', 'RomanTymoshchuk/sAINT', 'MasterFlomaster1/sAINT', 'stasik1410/sAINT', '5l1v3r1/sAINT', 'm00zh33/sAINT', 'kerketta/sAINT', 'InfoSecArmy/sAINT', '875529067/sAINT', 'leandroald7/sAINT', 'MaksFin21/sAINT', 'Anandtamil/sAINT', 'Warlockk/sAINT', 'DynamicDesignz/sAINT', 'Petro-lium/sAINT', 'mrkot-cmd/sAINT', '4il612/sAINT', 'okoibraun/sAINT', 'vtlvolkov/sAINT', 'marmathe/sAINT', 'yernarkin/sAINT', 'Seronsecurity/sAINT', 'RakhithJK/sAINT', 'murad-alm/sAINT', 'mo7ammadehssan/sAINT', 'sanjaynitttr/sAINT', 'AdrMXR/sAINT', 'CommanderSnuggle/sAINT', 'tallerboy/sAINT', 'pesketo/sAINT', 'MasterScott/sAINT', 'bdpcvit/sAINT', 'tp3rson/sAINT', 'cyberg0100/sAINT', 'pratimb88/sAINT', 'm4ta1l/sAINT', '6549802/sAINT', 'wimarbueno/sAINT', 'akbzas/sAINT', 'modulexcite/sAINT', 'Abraham313/sAINT', 'atoroc/sAINT', 'mrkienco/sAINT', 'pkmuz1/sAINT', 'Feretrum/sAINT', 'fibo11/sAINT', 'NTgitdude23/sAINT', 'rifrutilups/sAINT', 'SpiritMan77/sAINT', 'Jeancasoto/sAINT', 'ReksarGames/sAINT', 'VSmng/sAINT', 'Eralaq/sAINT', 'americojrofc/sAINT', 'maxxmann/sAINT', 'bitPanG98/sAINT', 'benhe119/sAINT', 'bosskokos/sAINT', 'djwesleyborges/sAINT', 'ardavanhashemzadeh/sAINT', 'prabhsimran05/sAINT', 'eHeaven/sAINT', 'Vtorack/sAINT', 'fear969/sAINT', 'merelyigor/sAINT', 'brother2271/sAINT', 'alkafaiz/sAINT', 'whiteknife98/sAINT', 'urantialife/sAINT', 'gladiator22/sAINT', 'J0wl3x97/sAINT', 'SinSiXX/sAINT', 'Laymer/sAINT', 'UncleGoGA/sAINT', 'noahnoah001/sAINT', 'rasitt3/sAINT', 'MrGenia/sAINT', 'mBr001/sAINT', 'VineshChauhan24/sAINT', 'SwetabhOfficial/sAINT', 'Sajid305/sAINT', 'pretech86/sAINT', 'distrikt159951/sAINT', 'root1135/sAINT', 'Qwertytime12341/sAINT', 'oussamanhairech/sAINT', 'Aamer09/sAINT', 'ishell/sAINT', 'Zenyi1/sAINT', 'attackgithub/sAINT', 'kirbsy/saint', 'junk13/sAINT', 'zippav/sAINT', 'chxnugs/sAINT', 'AJMartel/sAINT', 'kardinal3000/sAINT', 'Bombi4/sAINT', 'suverenmars/sAINT', 'mubashirsiddique/sAINT', 'Zananes/sAINT', 'vanpn/sAINT', 'MidnightWalker6/sAINT', 'y35uishere/sAINT', 'theclai/sAINT', 'AndOr0812/sAINT', 'R3dFruitRollUp/sAINT', 'helloexp/sAINT', 'chinnu2012/sAINT', 'luisw27/sAINT', 'nurikvvza/sAINT', 'darksith666/sAINT', 'TrueBinary/sAINT', 'oscarg933/sAINT', 'sabriallani/sAINT', 'IAnonyxu/sAINT', 'killvxk/sAINT', 'BlackTrace/sAINT', 'mizgirov/sAINT', 'dirm02/sAINT', 'ibadr3/sAINT', 'Sharmelen/sAINT', '8L4NK/sAINT', 'IraqNoPhobia/sAINT', 'flyopenair/sAINT', 'PavelShalaginov/sAINT', 'abhi16122/sAINT', 'amal-chacko-7/sAINT', 'rootadmin7/sAINT', 'iambenqazy/sAINT', 'odasm/sAINT', 'vvalerii161/sAINT', 'arjithkraj/sAINT', 'Vikram4533/sAINT', 'strunz983/sAINT', 'fherher/sAINT', 'Staszka/sAINT', 'dancingchrissit/sAINT', 'vnc0d9r/sAINT', 'harem-king/sAINT', 'Grukz/sAINT', 'iJoshoa/sAINT', 'janchuk/sAINT', 'shangadi/sAINT', 'saiprasad1586/sAINT', 'adelbograin/sAINT', 'Dan1505/sAINT', 'lma1216/sAINT', 'eduardgithub/sAINT', 'Issakondoali/sAINT', 'TerrisGO/sAINT', 'raymondSeger/sAINT', 'm4sk0fm3/sAINT', 'lourdesmboya/sAINT', 'XorgX30/sAINT', 'TheUnderMind0x41/sAINT', 'N4ous/sAINT', 'nawfling/sAINT', 'Tim1512/sAINT', 'filipt14/sAINT', 'lionnufilia/sAINT', 'heikipikker/sAINT', 'hamdi411/sAINT', '43r0ncyb3r/sAINT', 'wermaxta/sAINT', 'elliot-alderson25/sAINT', 'enforcer-pro/sAINT', 'Robinhood55/sAINT', 'sspatil94/sAINT', 'mrzacsmith/sAINT', 'tai-euler/sAINT', 'BrianElugan99/sAINT', 'dubyadud/sAINT', 'Try-Mimic/sAINT', 'terncgod/sAINT', 'robertjriga/sAINT', 'hybridious/sAINT', 'samshanmukh/sAINT', 'Ro9ueAdmin/sAINT', 'Pythonforstudent/sAINT', 'Ch4p34uN0iR/sAINT', 'jsklein/sAINT', '4a256b6b3e7t3e8b7t9q7t/sAINT', 'DataDrug/sAINT', 'CIPH3R0/sAINT', 'u53r55/sAINT', 'miradozk/sAINT', 'D34thByte/sAINT', 'sumitlakra/sAINT', 'krishnenduash/sAINT', 'test-acc-vaccym/sAINT', 'eirkkk/sAINT', 'Dfaults/sAINT', 'JSONArray49/sAINT', 'Patrick-Isidoro/sAINT', 'abazad/sAINT', 'rafikmekni/sAINT', 'hackernix/sAINT', 'medgithub/sAINT', '9aylas/sAINT', '0x92/sAINT', 'fuweitung/sAINT', 'molotof/sAINT', 'sUbc0ol/sAINT', 'djgrasss/sAINT', 'ajblane/sAINT', 'vaginessa/sAINT', 'Weeshlow/sAINT', 'exploitcollection/sAINT', 'Techlord-RCE/sAINT', 'lidd1224856175/sAINT', 'DictionaryHouse/sAINT-a-Spyware-Generator-for-Windows', 'lianfeng30/sAINT-a-Spyware-Generator-for-Windows', 'zshell/sAINT', 'cornejoquintana/sAINT', 'samyoyo/sAINT', 'johnjohnsp1/sAINT', 'getsecnow/sAINT']"
vaginessa/Macspoof,[]
EinNarr/ARPSpoofing,[]
cptwin/des_cracker,[]
sfcoding-school/ScreenStealer,"['LeonLopez/ScreenStealer', 'Grukz/ScreenStealer', 'KbaHaxor/ScreenStealer']"
a110605/cuckoo_agent,[]
chiseng/pen-testing-tools,[]
Android013/backdoor-apk,[]
talk2morris/Keylogger4J,[]
LeetCodes/POC-Android-Malware,"['ohyeah521/POC-Android-Malware-1', 'chouaibhm/POC-Android-Malware', 'bypasscc/POC-Android-Malware', 'scrack/POC-Android-Malware', 'zhouat/POC-Android-Malware', 'codedevloper/POC-Android-Malware', 'psuedoelastic/POC-Android-Malware', 'redteamcaliber/POC-Android-Malware', 'sushiomsky/POC-Android-Malware', 'pandazheng/POC-Android-Malware', 'akibsayyed/POC-Android-Malware', 'AndroidTamer/POC-Android-Malware', 'bincker/POC-Android-Malware']"
Aussiemon/CSCI476-WormPropagationVisualizer,[]
anotheralex/spambot,[]
DenisStael/VirusJoke,[]
dioh/animal,[]
Techman749/NetProg-Project5-Trojan,[]
karottenreibe/Neo2SwingHack,[]
nithinmurali/ClearChat,"['gibaa007/ClearChat', 'chaojianhu/ClearChat']"
oddserver/git-this-oddserver,[]
blazeinfosec/ssrf-ntlm,"['codeh4ck3r/ssrf-ntlm', 'korniltsev/ssrf-ntlm', 'raystyle/ssrf-ntlm', 'ElToroBIZ/ssrf-ntlm', 'chouaibhm/ssrf-ntlm', 'magnologan/ssrf-ntlm', '5up3rc/ssrf-ntlm', 'Trietptm-on-Security/ssrf-ntlm', 'Ivan-Markovic/ssrf-ntlm']"
alextesy/Malware,[]
aliebrahimi1781/botnet,[]
wishihab/Android-RATList,"['AngelsDemon/Android-RATList', '530tatted530/Android-RATList', 'msalah89/Android-RATList', 'habibzadeh/Android-RATList', 'D071N/Android-RATList', 'takeko-prog/Android-RATList', 'Lukzee/Android-RATList', 'akpotter/Android-RATList', 'eshad/Android-RATList', 'linuxcoder3/Android-RATList', 'peterpavles/Android-RATList', 'jiutiaoming/Android-RATList', 'rush-d/Android-RATList', 'm19u3l/Android-RATList', 'buyuangbiaro99/Android-RATList', 'nondejus/Android-RATList', 'sysxan/Android-RATList', '86638263suibian/Android-RATList', 'sunkima/Android-RATList', 'TarikulAbir/Android-RATList', 'hummans/Android-RATList', 'primewhitehacker/Android-RATList', 'DanielGillam/Android-RATList', 'x770/Android-RATList', 'zadr04-apps/Android-RATList', 'specteresawy/Android-RATList', 'vajsbsn/Android-RATList', 'bab55z/Android-RATList', 'vertesys/Android-RATList', 'raessafathulalim/Android-RATList', 'chertoGUN/Android-RATList', 'M-Elswah/Android-RATList', 'papusingh2sms/Android-RATList', 'mario1987/Android-RATList', 'MasterScott/Android-RATList', 'kamatchu/Android-RATList', 'niilante/Android-RATList', 'chenyongtaogd/Android-RATList', 'Sandipwalke/Android-RATList', 'fowler2013/Android-RATList', 'othello1337/Android-RATList', 'princemuhdk/Android-RATList', 'alikaptanoglu/Android-RATList', 'ramakrishnachillara/Android-RATList', 'LionSec96/Android-RATList', 'iifast2/Android-RATList', 'oualidcena/Android-RATList', 'githubassets/Android-RATList', 'nobody00007/Android-RATList', 'DanielDGe/Android-RATList', '5l1v3r1/Android-RATList', 'TianDaGe/Android-RATList', 'kphoenix898/Android-RATList', 'taarruunnnn/Android-RATList', 'skvarovski/Android-RATList', 'ZoePahek/Android-RATList', 'yokesh-sparkout/Android-RATList', 'nvnpsplt/Android-RATList', 'zianoedar/Android-RATList', 'EricKengObscure/Android-RATList', 'cybertec2016/Android-RATList', 'cyb3rr0nn13/Android-RATList', 'yuhisern7/Android-RATList', 'chinnidiwakar/Android-RATList', 'cr4ck32/Android-RATList', 'infimadhu27/Android-RATList', 'Grukz/Android-RATList', 'DynamicDesignz/Android-RATList', '309746069/Android-RATList', 'spryshanto/Android-RATList', 'animeshn99/Android-RATList', 'n3m351d4/Android-RATList', 'pentestbr/Android-RATList', 'lucianmaxx/Android-RATList', 'mmillerxyz/Android-RATList', 'GMCadiom/Android-RATList', 'DiegoGom/Android-RATList', 'rakeshvadnala/Android-RATList', 'helloexp/Android-RATList', 'NTgitdude23/Android-RATList', 'qq431169079/Android-RATList', 'urantialife/Android-RATList', 'wuyongderen/Android-RATList', 'Abraham313/Android-RATList', 'kamleshahre/Android-RATList', 'lamjar/Android-RATList', 'rrymm/Android-RATList', 'Kishan2916/Android-RATList', 'matutes/Android-RATList', 'imfaisalpk/Android-RATList', 'PandaPenTest/Android-RATList', 'sai-killer/Android-RATList', 'lierphoenix/Android-RATList', 'aydgelee/Android-RATList', 'fangmarisa/Android-RATList', 'shuvamkumarsk1/Android-RATList', 'ieon23/Android-RATList', 'vahid8028/Android-RATList', 'rodizus/Android-RATList', 'kevinmiles/Android-RATList', 'asdwergo/Android-RATList', 'BBBKing/Android-RATList', 'abraoximenes/Android-RATList', 'mohammadt3anii/Android-RATList', 'fo0nikens/Android-RATList', 'Stones3ma/Android-RATList', 'enforcer-pro/Android-RATList', 'vaginessa/Android-RATList', 'github-userx/Android-RATList', 'Vikram1807/Android-RATList', 'mukengami/Android-RATList', 'pretech86/Android-RATList', 'xintao222/Android-RATList', 'aliyaxi/Android-RATList', 'KajoVanBuyten/Android-RATList', 'hasantemel/Android-RATList', '8L4NK/Android-RATList', 'GallyZero/Android-RATList', 'liufeng-take/Android-RATList', 'Gh0st0ne/Android-RATList', 'fundroid/Android-RATList', 'vae1314/Android-RATList', 'Primekun/Android-RATList', 'maiestro21/Android-RATList', 'ohari5336/Android-RATList', 'myselfsufiyan/Android-RATList', 'qiushifengyu/Android-RATList', 'Antonio24/Android-RATList', 'ganesan2408/Android-RATList', 'apython123/Android-RATList', 'otimensahfrederick/Android-RATList', 'mohitsahunitrr/Android-RATList', 'lorinwu/Android-RATList', 'An0nUD4Y/Android-RATList', 'Bauani/Android-RATList', 'senterlampu/Android-RATList', '00aj99/Android-RATList', 'a1kaid/Android-RATList', 'hackernix/Android-RATList', 'FingerLeakers/Android-RATList', 'janchuk/Android-RATList', 'heikipikker/Android-RATList', 'oscommonjs/Android-RATList', 'wandoelmo/Android-RATList', 'j0nk0/Android-RATList']"
zhenik/SimpleTrojanHorse,[]
hemolack/TimeNinja,[]
DasGespenst/Logjamming,[]
dipakboyed/cristians-clock-synch,[]
slojo/Decryptors,"['vaginessa/Decryptors', 'Trietptm-on-Security/Decryptors', 'mmyydd/Decryptors']"
mplewis/olivaw,['Quillwerth/olivaw']
Rythen-Masses-Dev-Team/JokeWIndows,[]
julianoborba/ddos-mitigation-with-bucket4j,[]
123davli/Smrow,[]
LordofNerds/AntiVirusDroid,"['Tagolfirg/AntiVirusDroid', 'Leaxarus/AntiVirusDroid', 'pandazheng/AntiVirusDroid', 'bllie/AntiVirusDroid']"
RepakaRamateja/MultiThreadedServer,[]
avishag410/MalwareGuard,[]
fvrodas/HackerNewsFlutter,[]
ravinihalani/MorrisWorm,[]
adamberntsson/AnguisFragilis,[]
ffissore/BRHConsole,[]
playerony/Worms,[]
myrepositorygithub/Spyware,[]
TheRipperJhon/AdoBot,"['YTDark/AdoBot', 'VineshChauhan24/AdoBot-1']"
Zanshinmu/Attwifi-Blacklister,[]
justinmvail/theDailyGrohler,[]
PandaPrinter/backdoor-web-server,[]
ndb796/JavaFX-ARP-Spoofing,['YangMinHo/JavaFX-ARP-Spoofing']
simey94/Java-Key-Logger,[]
avineshwar/Disassembled-malware-codes,[]
un4ckn0wl3z/Mini-Java-socket-framework,[]
mtwn105/Cipherly,"['trananh1992/Cipherly', 'satishkoladiya/Cipherly', 'eqilibruim-solutions/Cipherly', 'stunner-07/Cipherly', 'bwnyasse/Cipherly', 'jianesis/Cipherly', 'miraichyan/Cipherly', 'thewebcode/Cipherly', 'ManhNguyenITC/Cipherly', 'townsfolk/Cipherly', 'prateekd11/Cipherly', 'arbaazaj/Cipherly', 'saumyabratadutt/Cipherly', 'AlecSPb/Cipherly', 'therichiekumar/Cipherly', 'ftt1024/Cipherly', 'partnercloudsupport/Cipherly', 'ketanchoyal/Cipherly', 'hoaxoan/Cipherly', 'TrendingTechnology/Cipherly', 'engmms/Cipherly', 'sayyidisal/Cipherly', 'herry88/Cipherly', 'Xing1P/Cipherly']"
Pankajchandan/DDOS,[]
Nickath/Java-Sending-Mail-KeyLogger,[]
falfab/ransomoid,[]
ychalier/sRAT,"['Oasis256/sRAT', 'Antoineurban/sRAT']"
abigailwambui/Hero-Squad,[]
saraberezo/Simple-Botnet,[]
Diarlexx/Malware,[]
alanodriscoll/Beelzebub,[]
Neraloth/java-rootkit,['genhuile/java-rootkit']
juxing/AdoreForAndroid,"['girishankarj/AdoreForAndroid', 'alaipuwntowk/AdoreForAndroid', 'm4rm0k/AdoreForAndroid', 'xsapiens31/AdoreForAndroid', 'abuba42/AdoreForAndroid', 'kamaal44/AdoreForAndroid', 'Purpflamez/AdoreForAndroid', 'dynamicpunk/AdoreForAndroid', 'sodamosman/AdoreForAndroid', 'Cyb3rDo/AdoreForAndroid', 'benzo-benzin/AdoreForAndroid', 'fengjixuchui/AdoreForAndroid', 'niilante/AdoreForAndroid', 'Ro9ueAdmin/AdoreForAndroid', 'vaginessa/AdoreForAndroid', 'Scorpioni4e/AdoreForAndroid', 'clicknull/AdoreForAndroid', 'mangosteen/AdoreForAndroid', 'barkinet/AdoreForAndroid', 'ProgrammerAndHacker/AdoreForAndroid', 'antonini/AdoreForAndroid']"
sandhyamurali23/Detection-of-Android-Malware-based-on-Signature-and-Permission-Analysis,['Tigerly/Detection-of-Android-Malware-based-on-Signature-and-Permission-Analysis']
Drakehawk/Proyecto-IA,['Cloudxtreme/Proyecto-IA']
mybrainisrewired/DemoScreenbug,[]
thechosenone124/malwaretowerdefense,[]
hallernie/Fraud-Utils,[]
asudhak/Android-Malware,"['chaojianhu/Android-Malware-1', 'redteamcaliber/Android-Malware-1']"
nidhinarendra/server-client-DDoS-bot,['gsdu8g9/server-client-DDoS-bot']
meghana99/Keylogger-and-Anti-keylogger,"['oyatmicah/Keylogger-and-Anti-keylogger', 'petBoy666/Keylogger-and-Anti-keylogger', 'aishwarya-sankhla/Keylogger-and-Anti-keylogger']"
EmilHernvall/fatcat,[]
bensivo/Java-PegPuzzle-Solver,[]
Anchuinse/Old-Formula-Directory,[]
Rayanox/Projet_Trojan,[]
gabriellhuver/BAAFJava,['gmhacx/BAAFJava']
JustVice/VICEBot,[]
1more/CameraSniffingGallaryApp,[]
MonroeTrojanRobotics/MTR-Java,['CorruptedArk/MTR-Java']
capsul6/JDOS,"['cx-xing/JDOS', 'bigBrotherYang/JDOS', 'cf4548/JDOS', 'Womzie/JDOS', 'aliuselly/JDOS', 'xutianyi1999/JDOS', 'makaidong/JDOS', 'luanupe/JDOS', 'arjunindia/JDOS', 'wherkamp/JDOS', 'viciuz/JDOS', 'gsdu8g9/JDOS']"
andykeem/wormgame,[]
husky00/worm,[]
CristianTuretta/MAD-Spy,"['nocturnalx1/MAD-Spy', '5l1v3r1/MAD-Spy', 'hardwarehackr/MAD-Spy', 'AungKhantMin/MAD-Spy', 'Abraham313/MAD-Spy', 'Adsnowden/MAD-Spy', 'vaginessa/MAD-Spy', 'VineshChauhan24/MAD-Spy', 'benhe119/MAD-Spy', 'Darn0/MAD-Spy', 'razorboygrim/MAD-Spy', 'firebitsbr/MAD-Spy', 'Vikram1807/MAD-Spy', '00aj99/MAD-Spy', 'mushfiqur47/MAD-Spy', 'indexnotfound404/MAD-Spy', 'otimensahfrederick/MAD-Spy', 'P0no/MAD-Spy']"
jault3/jackson-databind-exploit,[]
Daniele-Comi/JavaBotNet,['Neraloth/JavaBotNet']
androidtrojan1/android-trojan-streamer,"['habibzadeh/android-trojan-streamer', 'kamaal44/android-trojan-streamer', 'didididid/android-trojan-streamer', 'unknowphoton/android-trojan-streamer', 'Hristijan78/android-trojan-streamer', 'Primekun/android-trojan-streamer', 'haishand/android-trojan-streamer', 'vaginessa/android-trojan-streamer', 'luna2017/android-trojan-streamer', 'tlsgood/android-trojan-streamer']"
zmeriksen/KeyLogger,['ors-workshop/KeyLogger']
TheRipperJhon/sAINT,[]
Datalux/JavaBackdoor,[]
Camilo1997/haet-malware,[]
jugurthab/aws-android-mqtt,[]
redBorder/rb-samza-malware,[]
gkseni/android-malware-analysis,[]
davidriff/Jawar,"['DuncantheeDuncan/Jawar', 'janchuk/Jawar', 'chaojianhu/Jawar']"
DanielChurch/DiskSpaceTrojan,[]
LandoLandauster/malscan1,[]
akshaykjain/Socket-Programming,[]
callan/RhinoBot,[]
julien-medori/INF358-AndroidMalwareProject,[]
lenadir/ip_messeging,[]
coprit/pass_gen,[]
samuelowino/TrueSecure-AntiVirus-Solution,"['benhe119/TrueSecure-AntiVirus-Solution', 'harrietobwogo/TrueSecure-AntiVirus-Solution', 'dj25380/TrueSecure-AntiVirus-Solution', 'redteamcaliber/TrueSecure-AntiVirus-Solution']"
muneebabbas/BruteForce-Password-cracker,[]
thelinuxchoice/keydroid,[]
Elacior/Keylogger,[]
bharathk005/Confess,[]
rdszpecht/Simple_SPAMBOT,[]
esantoro/JavaIRC,['hnup/JavaIRC']
maxxie114/Backdoor,[]
doct0rX/GoodX,[]
DanialBeg/HackerTyper,[]
androidnerds/aksunai,['ubraz/aksunai']
mawiwillme/MalwareBytesAutomation,[]
S4ckb0yProjects/MinecraftBackdoorPluginAPI,[]
sanikuz/malware-vis,[]
robatkins/SILICONDON,[]
s-heap/CaeserCipherCracker,[]
DannyLeviev/ClientSimulatorCli,[]
skylerto/coordinated-cannon,['lzn90/coordinated-cannon']
Mcahitcali/Shrub-Worm,[]
forestjohnsonpeoplenet/jsslkeylog,['bili-pl/jsslkeylog']
Spiderman2PizzaTheme/IP-Grabber,['junk13/IP-Grabber']
mbardoe/InfectionSimulation,"['gr8anu/InfectionSimulation', 'Taquito17/InfectionSimulation', 'syeung16/InfectionSimulation-1', 'pkage/InfectionSimulation']"
diegolinhares/MagnusKeylogger,[]
InfinityDevelopment/KeyloggerServer,[]
nut-hatch/mas-ddos,['gsdu8g9/mas-ddos']
regras/cpg,['vitormoia/cpg']
dimcey/MassDDOSattack_javaJADE,"['roberto-castillo/MassDDOSattack_javaJADE', 'ellipsys/MassDDOSattack_javaJADE']"
rulesim/v2.0,[]
matthewmendezm/MalwareProxy,[]
vitorm12/Caesar-Cipher-and-bruteforce,[]
CalicoCatalyst/FuckSpamBots,[]
bes/KeystoreBrute,"['5l1v3r1/KeystoreBrute', 'xbird0x/KeystoreBrute', 'spidgorny/KeystoreBrute', 'M31MOTH/KeystoreBrute', 'reduardo7/KeystoreBrute', 'apoorvnaik/KeystoreBrute', 'ncorreard/KeystoreBrute', 'jaymzcd/KeystoreBrute', 'Erhannis/KeystoreBrute', 'st4n81/KeystoreBrute']"
KevinDyerAU/curecoinmin,[]
WojtylaCZ/MalwareDB,"['Maxmarosser/MalwareDB', 'orf53975/MalwareDB', 'eldraco/MalwareDB']"
drorventura/NetworkSecurityCourse,"['Ro9ueAdmin/NetworkSecurityCourse', 'aapiro/NetworkSecurityCourse', 'randall2030/NetworkSecurityCourse', 'crystal-yao/NetworkSecurityCourse', 'usagiy/NetworkSecurityCourse', 'woakes070048/NetworkSecurityCourse', '0x0mar/NetworkSecurityCourse', 'B-Rich/NetworkSecurityCourse']"
mhartopo/wormhole-carbonate-acidizing,[]
Frotty/VirusInfection,[]
jeFF0Falltrades/Malware-Writeups,['fengjixuchui/Malware-Writeups-1']
davicatunda/BotnetZeusP2P,"['YORU-NEKO/BotnetZeusP2P', 'DuiWeL-CpT/BotnetZeusP2P', 'm4ta1l/BotnetZeusP2P', 'BillingDoor/BotnetZeusP2P', 'dl1al1/BotnetZeusP2P', 'fa11ing1eaf/BotnetZeusP2P', 'ADemonisis/BotnetZeusP2P']"
sibivarman/trojan_virus,['YashAgarwalDev/trojan_virus']
paulobichara/BulkMailer,"['mehulsbhatt/BulkMailer', 'abhiraw/BulkMailer']"
georgiev-martin/NoFrak,"['qq664363232/NoFrak', 'nwpufly/NoFrak']"
amdadulbari/Simple-JAVA-TrojanHorse,['rezzydn/Simple-JAVA-TrojanHorse']
iamindian/mobile-trojan-manager,"['awesome-doge/mobile-trojan-manager', 'pantness/mobile-trojan-manager', 'kamaal44/mobile-trojan-manager', 'followdao/mobile-trojan-manager', 'shengshengman0/mobile-trojan-manager', 'forfunfan/mobile-trojan-manager']"
tomgersic/AndroidKeyLogger,"['johncarroll2/AndroidKeyLogger', 'Joshua-254/AndroidKeyLogger', 'sffej/AndroidKeyLogger', '5l1v3r1/AndroidKeyLogger', 'ShiponKhan19/AndroidKeyLogger', 'ramshresh/AndroidKeyLogger', 'qbulent38/AndroidKeyLogger', 'rafiislam23/AndroidKeyLogger', 'emsa202/AndroidKeyLogger', 'IlhomjonKurbanov/AndroidKeyLogger', 'canter-nawab/AndroidKeyLogger', 'Axe-Usa/AndroidKeyLogger', 'Ro9ueAdmin/AndroidKeyLogger', 'olivier-etienne/AndroidKeyLogger', 'juanunix/AndroidKeyLogger', 'rawciu/AndroidKeyLogger', 'AoD47/AndroidKeyLogger', 'johnmahugu/AndroidKeyLogger', 'abuyv/AndroidKeyLogger', 'rrvicente/AndroidKeyLogger', 'Gokul0625/AndroidKeyLogger', 'hardik124/AndroidKeyLogger', 'vaginessa/AndroidKeyLogger', 'rajeshwarn/AndroidKeyLogger', 'jonasjonhy/AndroidKeyLogger', 'CCrashBandicot/AndroidKeyLogger', 'baaslaawe/AndroidKeyLogger', 'paulouechi/AndroidKeyLogger', 'Henaputi/AndroidKeyLogger', 'Solertis/AndroidKeyLogger', 'junkiesdevstudio/AndroidKeyLogger', 'DevHossamHassan/AndroidKeyLogger', 'Tim8669/AndroidKeyLogger', 'fabiomarcilio/AndroidKeyLogger', 'Shadkirill/AndroidKeyLogger', 'jakesyl/AndroidKeyLogger', 'kingmuhud/AndroidKeyLogger', 'streetdance159263/AndroidKeyLogger', 'apprisingapps/AndroidKeyLogger', 'freecompub/AndroidKeyLogger', '123369987741/AndroidKeyLogger', 'sarbwarraich/AndroidKeyLogger', 'mbm124/AndroidKeyLogger', 'amine3/AndroidKeyLogger', 'diegotdiaz/AndroidKeyLogger', 'MegaBedder/AndroidKeyLogger', 'sawrus/AndroidKeyLogger', 'cuongitbk/AndroidKeyLogger', 'karkoonzaid/AndroidKeyLogger', 'Hilth/AndroidKeyLogger', 'sangtaik/AndroidKeyLogger', 'david00medina/AndroidKeyLogger', 'Trioblack/AndroidKeyLogger', 'amboxer21/AndroidKeyLogger', 'davebutlerenator/AndroidKeyLogger', 'mohamamd/AndroidKeyLogger', 'farhaanbukhsh/AndroidKeyLogger', 'yeho/AndroidKeyLogger', 'coding4Lif3/AndroidKeyLogger', 'AlexWayfer/AndroidKeyLogger', 'bohuat/AndroidKeyLogger', 'skynetosiris/AndroidKeyLogger', 'k1m4/AndroidKeyLogger', 'emobi/AndroidKeyLogger', 'akashkush/AndroidKeyLogger', 'noside12123/AndroidKeyLogger', 'Techdruid/AndroidKeyLogger', 'krprasadreddy/AndroidKeyLogger', 'kimjs/AndroidKeyLogger', 'the-darknight/AndroidKeyLogger', 'tarunyadav/AndroidKeyLogger', 'nigareps/AndroidKeyLogger', 'marcinlawnik/AndroidKeyLogger', 'tooko007/AndroidKeyLogger']"
000JustMe/PewCrypt,"['luis-martinez-herrera/PewCrypt', 'x770/PewCrypt', 'Ameg-yag/PewCrypt', 'pentestbr/PewCrypt', 'promax204/PewCrypt', 'oakicode/PewCrypt', 'Geoveza/PewCrypt', 'yuhisern7/PewCrypt', 'krthkj/PewCrypt', 'wdulpina/PewCrypt', 'mtozzo/PewCrypt', 'Wasforyou/PewCrypt', 'BBANGDI/PewCrypt', 'cephurs/PewCrypt', 'LauraSavall/PewCrypt', 'shariarislam/PewCrypt', 'elraro/PewCrypt', '2727matthieu/PewCrypt', 'will0w7/PewCrypt', 'chosen1/PewCrypt', 'jorgemota/PewCrypt', 'u53r55/PewCrypt', 'JustForkin/PewCrypt', 'test1213145/PewCrypt', 'rasmiranjanrath/PewCrypt', 'kduma-archive/PewCrypt', 'bobdabiulder/PewCrypt', 'hotelzululima/PewCrypt', 'Dontmindmes/PewCrypt', 'DoughBoiKush/PewCrypt']"
pacific/android-anti-malware,[]
LogoiLab/Canister,['Kaicastledine/Canister']
josE4roldan/beenet,[]
bizosys/1lineserver-trojan,[]
twitter-university/AntiMalware,"['redskillz/AntiMalware', 'idevyatovsky-hpmd/AntiMalware-1', 'redteamcaliber/AntiMalware', 'caidongyun/AntiMalware', 'hungbiz9999/AntiMalware-1', 'syamlal/AntiMalware', 'thenewcircle/AntiMalware', 'vijayendra-g/AntiMalware-1']"
cweiske/dark.silent,[]
namaste09/Voter-Management,[]
igormukhin/tomcat-ddos-how-to,[]
rmarigli/RuntimeMalwareAnalysis,[]
frondel/keyLogger,['Viktormikhasev/keyLogger']
OATSEA/tv-android,"['vishalsimon/tv-android', 'keyanmca/tv-android']"
DemonHunter23/Calculator,[]
psribalaji/keylogger,['gmhacx/keylogger-1']
Sebasreyes01/HAET_Malware,[]
un4ckn0wl3z/PsyberProject,['5l1v3r1/PsyberProject']
phadatul/MalwareProject,[]
sahilpaudel/KeySpy,[]
panosylr/Stego-based-Keylogger,['Todestrieb/Stego-based-Keylogger']
AndroidWordMalware/malware-samples,['Omar1123/malware-samples']
adonespitogo/AdoBot,"['nonolerobotlunaire/AdoBot', 'chirag4979/AdoBot', 'habibzadeh/AdoBot', 'hamuj/AdoBot', 'xykionani/AdoBot', 'razielmicheals/AdoBot-1', 'jiutiaoming/AdoBot', 'nocturnalx1/AdoBot', 'mario1987/AdoBot', 'm4rm0k/AdoBot', 'akmanuareraa/AdoBot', 'CrackerCat/AdoBot', 'frustreated/AdoBot', 'DarkSect/AdoBot', 'PR-ca/AdoBot', 'hummans/AdoBot', 'RedTeammate/AdoBot', 'HirogaKatageri/AdoBot', 'cooldesignpro/AdoBot', 'moax342/AdoBot', 'fatehakio/AdoBot', 'josedaudi/AdoBot', 'kamaal44/AdoBot', 'MasterScott/AdoBot', 'Joshua-254/AdoBot', 'Sandipwalke/AdoBot', 'gautamajay52/AdoBot', 'shrenikshah1999/AdoBot', 'adminheinhtetkyaw/AdoBot', 'jayendra92/AdoBot', 'ramakrishnachillara/AdoBot', 'Gokul0625/AdoBot', 'pejonic/AdoBot', 'alokas/AdoBot', 'sulab999/AdoBot', '5l1v3r1/AdoBot', 'aronjames/AdoBot', 'Almahmudrony/AdoBot', 'Cybrotrix/AndroidSpyware-AdoBot', 'misterme00/dhor', 'eric-seekas/AdoBot', 'p2svn9x/AdoBot', 'swagkarna/AdoBot', 'ermanolca/AdoBot', 'cybertec2016/AdoBot', 'mvalles36/AdoBot', 'cameronstout707/AdoBot', 'jamalroger/AdoBot', 'vernitgarg/AdoBot', 'boyfigure/AdoBot', 'cr4ck32/AdoBot', 'whitevirus/AdoBot', 'methaza/AdoBot', 'Smokietr/AdoBot', 'cheems/AdoBot', 'om1704/AdoBot', 'Chikouni/AdoBot', 'savassagdic/AdoBot', 'baaslaawe/AdoBot', 'liuzhi922/AdoBot', 'NTgitdude23/AdoBot', 'qq431169079/AdoBot', 'ehenara/AdoBot', 'waiko/FindMyBaby', 'agrwalmohit/AdoBot', 'GlaysonJunio/AdoBot', 'Saeed-Alipour/AdoBot', 'imfaisalpk/AdoBot', 'magnocat/AdoBot', 'jejemiko/AdoBot', 'enoCode/AdoBot', 'revanthstrakz/AdoBot', 'MagicDemonn/AdoBot', 'xdff4ee-x/AdoBot', 'tomkidumbuyo/AdoBot', 'sclipberto/AdoBot', 'bestphonespy/AdoBot', 'gibaa007/AdoBot', 'i4nGit/AdoBot', 'oneplush/AdoBot', 'angellgff/AdoBot', 'McCauleyheather/AdoBot', 'rahul-apple/AdoBot', 'shitalluitel/AdoBot', 'kayser101/AdoBot', 'antonini/AdoBot', 'jautorun/AdoBot', 'gorio/AdoBot', 'BHafsa/AdoBot', 'Soldie/AdoBot', 'fawad-ali/AdoBot', 'amet123/AdoBot', 'sumitbot/AdoBot', 'mkkgit/AdoBot', 'falash143/AdoBot', 'halcon1698/AdoBot', 'binkillen/AdoBot', 'CountDizzy/AdoBot', 'hoxsec/AdoBot', 'veyselkoparal/AdoBot', 'mrpc4/AdoBot', 'yashraj0077/AdoBot', 'Sahitya-yadav/AdoBot', 'nithinmurali/AdoBot', 'nixswinner/AdoBot', 'j2vdeveloper/AdoBot', 'hasantemel/AdoBot', 'naveenrobo/AdoBot', 'feux07/AdoBot', 'jagannathTL/AdoBot', 'loooog/AdoBot', 'VineshChauhan24/AdoBot', 'hao-fu/AdoBot', 'mohitsahunitrr/AdoBot', 'Austin0077/AdoBot', 'harsh316/AdoBot', 'raysichic/AdoBot', 'shalintripathi/AdoBot', 'johndoex1/AdoBot', 'ediboko1980/AdoBot', 'NineDfish/AdoBot', 'Primekun/AdoBot', 'm3doune/AdoBot', 'myselfsufiyan/AdoBot', 'felixzr/AdoBot', 'u53r55/AdoBot', 'gxwall/AdoBot', 'rizwan3d/AdoBot', 'disboy88/AdoBot', 'DarkB3210/AdoBot', 'salamsajid/AdoBot', 'Runixuz/AdoBot', 'nidalb/AdoBot', 'PravinKumarGit/AdoBot', 'apython123/AdoBot', 'protoskunks/AdoBot', 'samazgor/AdoBot', 'FlatL1neAPT/AdoBot', 'lordcharlx/AdoBot', 'otimensahfrederick/AdoBot', 'helloexp/AdoBot', 'ElToroBIZ/AdoBot', 'itsyouranmol/AdoBot', 'ProjectHaidar/AdoBot', 'oscarg933/AdoBot', 'darksith666/AdoBot', 'exploit-inters/AdoBot', 'MasterFlomaster1/AdoBot', 'bidetaggle/AdoBot', 'Sajibekanti/AdoBot', 'prosecurity/AdoBot', 'KARANS0001/AdoBot', 'raichuspower/AdoBot', 'sabriallani/AdoBot', 'AkashJugnu/AdoBot', 'NoviceM/AdoBot', 'CyberWarefare/AdoBot', 'ambainteligence/AdoBot', 'edmeta/AdoBot', 'heavilessrose/AdoBot', 'manhkma/AdoBot', 'vahid8028/AdoBot', 'jagarza2012/AdoBot', 'RKurcan/AdoBot', 'ammar0466/AdoBot', 'maziar-gh/AdoBot', 'Waseem-farooqui/AdoBot', 'g13ff3r/AdoBot', 'noobshow/AdoBot', 'jakuta-tech/AdoBot', 'younessyk/AdoBot', 'moshiplus/AdoBot', 'abannany/AdoBot', 'shekarsiri/AdoBot', 'rahulmirdha/AdoBot', 'patelkathan/AdoBot', 'BloodofJesus/AdoBot', 'cryptonic01/AdoBot', 'MoriEdan/AdoBot', 'sivazozo/AdoBot', 'NBG0x1/AdoBot', 'TerrisGO/AdoBot', 'govindtank/AdoBot', 'suriya73/AdoBot', 'fcccode/AdoBot', 'killvxk/AdoBot', 'idkwim/AdoBot', 'i-tamizhan/AdoBot', 'adjeielias90/AdoBot', 'gcpark1210/AdoBot', 'SomeUsers/AdoBot', 'mak12/AdoBot', 'TheSaint3/AdoBot', 'prince735/AdoBot', 'Ro9ueAdmin/AdoBot', 'sumitlakra/AdoBot', 'panna-ahmed/AdoBot', 'jambon3/AdoBot', 'zagannath/AdoBot', '1187/AdoBot', 'agnelvishal/AdoBot', 'chandanl/AdoBot', 'exploitcollection/AdoBot', 't03cuta/AdoBot', 'kndone/AdoBot', 'iamtutu/AdoBot', 'genSud/AdoBot']"
olzhabay/PasswordCrackerThrift,[]
sanchewy/CompSecLab3,[]
juzeon/tiebaworm,[]
urcuqui/WhiteHat,"['mayappaedake/WhiteHat', 'oblea/WhiteHat', 'hacktheb1t/WhiteHat', 'datpth19/WhiteHat', 'AdelAlharbi/WhiteHat', 'alejandron00/WhiteHat', 'oyesam7/WhiteHat', 'chonuk/WhiteHat', 'MRX0089/WhiteHat', 'bieyifeng10/WhiteHat', 'gwthompson/WhiteHat', 'SGarcia710/WhiteHat', 'leofrancocalpa/WhiteHat', 'kailos/WhiteHat', 'puzzlebird/WhiteHat', 'Jhusseth/WhiteHat', 'lopez997/WhiteHat', 'LuisFerMM/WhiteHat', 'KevinBalanta/WhiteHat', 'hajjiwajih/WhiteHat', 'julianfelipe27/WhiteHat', 'njse22/WhiteHat', 'mgltorsa/WhiteHat', 'getsecnow/WhiteHat']"
varunbat123/DownLoadScheduler,[]
Neeraj-Venugopal/NetworkingProjects,['koovutk/NetworkingProjects']
gelendir/bitduckspoof,[]
GayanSandaruwan/MalwareDetector,['ranjanpandey2006/MalwareDetector']
revronja/VirusTotalAPIClientV2,[]
stellaraccident/android-desktop-headless,[]
1silvertiger/Password-Scrambler-Java,[]
Rhod3/Mail_Spammer,[]
tjenki35/mthreads_proxy_malwarescanner,[]
ardotadot/sqwormy1,[]
TheoLong/Android_spyware,[]
uvbs/WeChatFcker,[]
magopian/aksunai,[]
androidtrojan1/android-trojan-starter-,"['hamuj/android-trojan-starter-', 'habibzadeh/android-trojan-starter-', 'Wernersbach/android-trojan-starter-', 'gmhacx/android-trojan-starter-', 'didididid/android-trojan-starter-', 'unknowphoton/android-trojan-starter-', 'Primekun/android-trojan-starter-', 'didarulcseiubat17/android-trojan-starter-', 'f0829/android-trojan-starter-', 'correiaa/android-trojan-starter-', 'haishand/android-trojan-starter-', 'vaginessa/android-trojan-starter-', 'luna2017/android-trojan-starter-', 'tlsgood/android-trojan-starter-']"
shakenetwork/backdoor-apk,['dmmcoco/backdoor-apk']
sarxos/gadacz-server,[]
Naboum/Worms,[]
TomKTW/MalwareDB,[]
ZackClarkKington/crypt1c,[]
HouariZegai/SpyGen,"['VineshChauhan24/SpyGen', 'VictorAlessander/SpyGen', 'dwaynelee2003/SpyGen', 'gmhacx/SpyGen', 'adminheinhtetkyaw/SpyGen', 'IsmailBourbie/SpyGen', '5l1v3r1/SpyGen', 'CRY-D/SpyGen', 'swagkarna/SpyGen', 'BhargavMahajan/SpyGen', 'T-Jedsada/SpyGen', 'Golfklub/SpyGen', 'ayoub-root/SpyGen', 'dalalsunil1986/SpyGen']"
somu616/SelfReplicatingVirus,[]
CauldronDevelopmentLLC/worms,[]
CCrashBandicot/AndroMalware,"['5l1v3r1/AndroMalware', 'Ameg-yag/AndroMalware', 'qq431169079/AndroMalware', 'pentestbr/AndroMalware', 'u53r55/AndroMalware', 'projectboot/AndroMalware', 'janchuk/AndroMalware', 'yaseralyaser123/AndroMalware', 'l061nn/AndroMalware', 'chaojianhu/AndroMalware', 'dotwould/AndroMalware', 'niilante/AndroMalware', 'redskillz/AndroMalware', 'attackplay/AndroMalware', 'ssundhar/AndroMalware', 'BeyondCy/AndroMalware', 'exploitcollection/AndroMalware', 'Grukz/AndroMalware', 'online-9/AndroMalware', 'Trietptm-on-Security/AndroMalware', 'jijicanyu/AndroMalware', 'sreeshk692/AndroMalware', 'jeperez/AndroMalware', 'rohitshampur/AndroMalware', 'spnow/AndroMalware', 'JavaRockstar/AndroMalware', 'rsaidi75012/AndroMalware', 'scrack/AndroMalware', 'pandazheng/AndroMalware', 'fatgrass/AndroMalware', 'mingyong/AndroMalware', 'gaurav9991/AndroMalware', 'suduma/AndroMalware', 'wflk/AndroMalware', 'LucaBongiorni/AndroMalware', 'TheMushrr00m/AndroMalware', '0x0mar/AndroMalware', 'Sadikk/AndroMalware']"
dnascimento/p2pBotNet,"['BillingDoor/p2pBotNet', 'ElToroBIZ/p2pBotNet']"
captainmephisto/Worm,[]
Tethik/qrpass,[]
dotzip/AndroidMalwareApp,[]
md-hamed/LogDroid,['jonasjonhy/LogDroid']
matr095/KeyLogger,[]
AdlerED/BlackBug,[]
avinashclosepetsuresh/DDOS-Java-Implementation,"['ProtikDey/DDOS-Java-Implementation', 'GlitchBox/DDOS-Java-Implementation']"
323/ZimbraCracker,[]
harika2506/Distributed-Denial-of-Service-Attacks,[]
brian020305/sample_smishing,"['chaojianhu/sample_smishing', 'Trietptm-on-Security/sample_smishing', 'harite/sample_smishing', 'zer6six/sample_smishing']"
twaluigi/Sketchyappv2,"['janchuk/Sketchyappv2', 'chaojianhu/Sketchyappv2']"
TheWeirdDev/JeyBoard,[]
julianoborba/kogger,[]
siberas/sjet,"['arukaminado/sjet', '3453-315h/sjet', '5l1v3r1/sjet', 'triplekill/sjet', 'Seabreg/sjet', 'cyb3rd06/sjet', 'rajivraj/sjet', 'secwxx/sjet', 'wolfscrew/sjet', '0xflotus/sjet', 'odomrob/sjet', 'mmg1/sjet', 'XorgX304/sjet', 'sasqwatch/sjet', 'orf53975/sjet', 'mogwailabs/mjet', 'z3v2cicidi/sjet', 'Meatballs1/sjet', 'fate93930/sjet', 'attackplay/sjet', 'tuian/sjet', 'Grukz/sjet', 'minkione/sjet', 'H0K5/sjet', 'JohnHubcr/sjet', 'AV1080p/sjet', 'Trietptm-on-Security/sjet', 'thanatoskira/sjet', 'songofhack/sjet', 'Team-Firebugs/sjet', 'lw1988/sjet', 'KbaHaxor/sjet', 'MrMugiwara/sjet', 'M31MOTH/sjet', 'Cyri1s/sjet', 'cys3c/sjet', 'preller/sjet']"
SebastianBetancourt/JavaKeylogger,[]
Nico532/MalwareDash,[]
3v4Si0N/PolymorphicMalware,[]
guaiyt/AndroidTrojan,"['kamaal44/AndroidTrojan', 'niarehtni/AndroidTrojan', 'androidbigold/AndroidTrojan']"
jbranlant/androraser_malware,[]
BinksT/javaBD,[]
raptor-mvk/Athene,[]
raptor-mvk/Zeus,[]
